"topic","term","beta"
1,"question",0.000443655723158829
2,"question",0.0248573757131214
3,"question",0.000466417910447761
4,"question",0.000443655723158829
5,"question",0.000449640287769784
1,"translat",0.000443655723158829
2,"translat",0.000407497962510187
3,"translat",0.000466417910447761
4,"translat",0.018189884649512
5,"translat",0.000449640287769784
1,"file",0.018189884649512
2,"file",0.000407497962510187
3,"file",0.000466417910447761
4,"file",0.000443655723158829
5,"file",0.000449640287769784
1,"inform",0.000443655723158829
2,"inform",0.00855745721271393
3,"inform",0.033115671641791
4,"inform",0.000443655723158829
5,"inform",0.000449640287769784
1,"start",0.0226264418811003
2,"start",0.0167074164629177
3,"start",0.000466417910447761
4,"start",0.000443655723158829
5,"start",0.000449640287769784
1,"basic",0.000443655723158829
2,"basic",0.000407497962510187
3,"basic",0.00513059701492537
4,"basic",0.0137533274179237
5,"basic",0.000449640287769784
1,"excel",0.000443655723158829
2,"excel",0.00448247758761206
3,"excel",0.000466417910447761
4,"excel",0.018189884649512
5,"excel",0.000449640287769784
1,"plain",0.000443655723158829
2,"plain",0.000407497962510187
3,"plain",0.000466417910447761
4,"plain",0.0226264418811003
5,"plain",0.000449640287769784
1,"tool",0.000443655723158829
2,"tool",0.0493072534637327
3,"tool",0.000466417910447761
4,"tool",0.000443655723158829
5,"tool",0.000449640287769784
1,"data",0.000443655723158829
2,"data",0.00448247758761206
3,"data",0.000466417910447761
4,"data",0.0359361135758651
5,"data",0.000449640287769784
1,"struggl",0.0137533274179237
2,"struggl",0.000407497962510187
3,"struggl",0.000466417910447761
4,"struggl",0.000443655723158829
5,"struggl",0.000449640287769784
1,"post",0.000443655723158829
2,"post",0.0126324368378158
3,"post",0.00513059701492537
4,"post",0.000443655723158829
5,"post",0.000449640287769784
1,"time",0.000443655723158829
2,"time",0.00855745721271393
3,"time",0.000466417910447761
4,"time",0.000443655723158829
5,"time",0.0409172661870504
1,"process",0.000443655723158829
2,"process",0.0126324368378158
3,"process",0.000466417910447761
4,"process",0.000443655723158829
5,"process",0.000449640287769784
1,"increas",0.000443655723158829
2,"increas",0.0167074164629177
3,"increas",0.000466417910447761
4,"increas",0.000443655723158829
5,"increas",0.000449640287769784
1,"peopl",0.0359361135758651
2,"peopl",0.000407497962510187
3,"peopl",0.000466417910447761
4,"peopl",0.000443655723158829
5,"peopl",0.000449640287769784
1,"math",0.0093167701863354
2,"math",0.000407497962510187
3,"math",0.000466417910447761
4,"math",0.000443655723158829
5,"math",0.000449640287769784
1,"ambigu",0.000443655723158829
2,"ambigu",0.000407497962510187
3,"ambigu",0.00979477611940299
4,"ambigu",0.000443655723158829
5,"ambigu",0.000449640287769784
1,"calcul",0.000443655723158829
2,"calcul",0.0207823960880196
3,"calcul",0.000466417910447761
4,"calcul",0.000443655723158829
5,"calcul",0.000449640287769784
1,"english",0.000443655723158829
2,"english",0.000407497962510187
3,"english",0.0144589552238806
4,"english",0.000443655723158829
5,"english",0.000449640287769784
1,"idea",0.000443655723158829
2,"idea",0.000407497962510187
3,"idea",0.00979477611940299
4,"idea",0.000443655723158829
5,"idea",0.000449640287769784
1,"nativ",0.000443655723158829
2,"nativ",0.000407497962510187
3,"nativ",0.00979477611940299
4,"nativ",0.000443655723158829
5,"nativ",0.000449640287769784
1,"semant",0.0093167701863354
2,"semant",0.000407497962510187
3,"semant",0.000466417910447761
4,"semant",0.000443655723158829
5,"semant",0.000449640287769784
1,"speaker",0.000443655723158829
2,"speaker",0.000407497962510187
3,"speaker",0.00979477611940299
4,"speaker",0.000443655723158829
5,"speaker",0.000449640287769784
1,"take",0.000443655723158829
2,"take",0.000407497962510187
3,"take",0.000466417910447761
4,"take",0.0137533274179237
5,"take",0.000449640287769784
1,"compani",0.000443655723158829
2,"compani",0.000407497962510187
3,"compani",0.0191231343283582
4,"compani",0.000443655723158829
5,"compani",0.000449640287769784
1,"don’t",0.000443655723158829
2,"don’t",0.0207823960880196
3,"don’t",0.000466417910447761
4,"don’t",0.000443655723158829
5,"don’t",0.000449640287769784
1,"effici",0.000443655723158829
2,"effici",0.00855745721271393
3,"effici",0.00979477611940299
4,"effici",0.000443655723158829
5,"effici",0.000449640287769784
1,"you’r",0.000443655723158829
2,"you’r",0.0126324368378158
3,"you’r",0.000466417910447761
4,"you’r",0.000443655723158829
5,"you’r",0.000449640287769784
1,"intellig",0.000443655723158829
2,"intellig",0.000407497962510187
3,"intellig",0.000466417910447761
4,"intellig",0.000443655723158829
5,"intellig",0.0364208633093525
1,"construct",0.000443655723158829
2,"construct",0.000407497962510187
3,"construct",0.00979477611940299
4,"construct",0.000443655723158829
5,"construct",0.000449640287769784
1,"email",0.0093167701863354
2,"email",0.00448247758761206
3,"email",0.000466417910447761
4,"email",0.000443655723158829
5,"email",0.000449640287769784
1,"eval",0.000443655723158829
2,"eval",0.000407497962510187
3,"eval",0.000466417910447761
4,"eval",0.000443655723158829
5,"eval",0.00944244604316547
1,"love",0.00488021295474711
2,"love",0.000407497962510187
3,"love",0.000466417910447761
4,"love",0.000443655723158829
5,"love",0.00494604316546763
1,"perform",0.0093167701863354
2,"perform",0.000407497962510187
3,"perform",0.000466417910447761
4,"perform",0.00488021295474711
5,"perform",0.000449640287769784
1,"drive",0.000443655723158829
2,"drive",0.000407497962510187
3,"drive",0.000466417910447761
4,"drive",0.0137533274179237
5,"drive",0.000449640287769784
1,"engag",0.0093167701863354
2,"engag",0.000407497962510187
3,"engag",0.00513059701492537
4,"engag",0.000443655723158829
5,"engag",0.000449640287769784
1,"improv",0.000443655723158829
2,"improv",0.000407497962510187
3,"improv",0.000466417910447761
4,"improv",0.0093167701863354
5,"improv",0.000449640287769784
1,"job",0.000443655723158829
2,"job",0.0330073349633252
3,"job",0.000466417910447761
4,"job",0.000443655723158829
5,"job",0.000449640287769784
1,"discuss",0.000443655723158829
2,"discuss",0.000407497962510187
3,"discuss",0.000466417910447761
4,"discuss",0.0093167701863354
5,"discuss",0.000449640287769784
1,"guidelin",0.000443655723158829
2,"guidelin",0.00855745721271393
3,"guidelin",0.000466417910447761
4,"guidelin",0.00488021295474711
5,"guidelin",0.000449640287769784
1,"ensur",0.000443655723158829
2,"ensur",0.000407497962510187
3,"ensur",0.000466417910447761
4,"ensur",0.000443655723158829
5,"ensur",0.00944244604316547
1,"human",0.018189884649512
2,"human",0.000407497962510187
3,"human",0.000466417910447761
4,"human",0.000443655723158829
5,"human",0.000449640287769784
1,"output",0.000443655723158829
2,"output",0.00448247758761206
3,"output",0.000466417910447761
4,"output",0.000443655723158829
5,"output",0.00944244604316547
1,"skill",0.0137533274179237
2,"skill",0.0167074164629177
3,"skill",0.00513059701492537
4,"skill",0.000443655723158829
5,"skill",0.000449640287769784
1,"stai",0.0093167701863354
2,"stai",0.000407497962510187
3,"stai",0.000466417910447761
4,"stai",0.000443655723158829
5,"stai",0.000449640287769784
1,"confidenti",0.000443655723158829
2,"confidenti",0.000407497962510187
3,"confidenti",0.000466417910447761
4,"confidenti",0.0137533274179237
5,"confidenti",0.000449640287769784
1,"pai",0.000443655723158829
2,"pai",0.000407497962510187
3,"pai",0.000466417910447761
4,"pai",0.000443655723158829
5,"pai",0.00944244604316547
1,"profession",0.000443655723158829
2,"profession",0.000407497962510187
3,"profession",0.000466417910447761
4,"profession",0.000443655723158829
5,"profession",0.0184352517985611
1,"code",0.000443655723158829
2,"code",0.000407497962510187
3,"code",0.00513059701492537
4,"code",0.00488021295474711
5,"code",0.00944244604316547
1,"corpor",0.000443655723158829
2,"corpor",0.000407497962510187
3,"corpor",0.000466417910447761
4,"corpor",0.0137533274179237
5,"corpor",0.000449640287769784
1,"secur",0.000443655723158829
2,"secur",0.0126324368378158
3,"secur",0.000466417910447761
4,"secur",0.000443655723158829
5,"secur",0.000449640287769784
1,"default",0.000443655723158829
2,"default",0.000407497962510187
3,"default",0.00513059701492537
4,"default",0.000443655723158829
5,"default",0.00494604316546763
1,"economics.mit.edu",0.000443655723158829
2,"economics.mit.edu",0.000407497962510187
3,"economics.mit.edu",0.000466417910447761
4,"economics.mit.edu",0.00488021295474711
5,"economics.mit.edu",0.00494604316546763
1,"edit",0.000443655723158829
2,"edit",0.000407497962510187
3,"edit",0.0191231343283582
4,"edit",0.000443655723158829
5,"edit",0.000449640287769784
1,"http",0.000443655723158829
2,"http",0.000407497962510187
3,"http",0.0144589552238806
4,"http",0.000443655723158829
5,"http",0.000449640287769784
1,"inlin",0.000443655723158829
2,"inlin",0.000407497962510187
3,"inlin",0.00513059701492537
4,"inlin",0.00488021295474711
5,"inlin",0.000449640287769784
1,"pdf",0.000443655723158829
2,"pdf",0.000407497962510187
3,"pdf",0.000466417910447761
4,"pdf",0.000443655723158829
5,"pdf",0.00944244604316547
1,"site",0.000443655723158829
2,"site",0.000407497962510187
3,"site",0.00513059701492537
4,"site",0.000443655723158829
5,"site",0.00494604316546763
1,"studi",0.00488021295474711
2,"studi",0.000407497962510187
3,"studi",0.00979477611940299
4,"studi",0.00488021295474711
5,"studi",0.000449640287769784
1,"amp",0.000443655723158829
2,"amp",0.00855745721271393
3,"amp",0.000466417910447761
4,"amp",0.000443655723158829
5,"amp",0.000449640287769784
1,"brain",0.000443655723158829
2,"brain",0.000407497962510187
3,"brain",0.000466417910447761
4,"brain",0.000443655723158829
5,"brain",0.0184352517985611
1,"era",0.0093167701863354
2,"era",0.000407497962510187
3,"era",0.000466417910447761
4,"era",0.000443655723158829
5,"era",0.000449640287769784
1,"huge",0.000443655723158829
2,"huge",0.0126324368378158
3,"huge",0.000466417910447761
4,"huge",0.000443655723158829
5,"huge",0.000449640287769784
1,"note",0.018189884649512
2,"note",0.000407497962510187
3,"note",0.000466417910447761
4,"note",0.000443655723158829
5,"note",0.00494604316546763
1,"report",0.000443655723158829
2,"report",0.000407497962510187
3,"report",0.000466417910447761
4,"report",0.000443655723158829
5,"report",0.0184352517985611
1,"saver",0.000443655723158829
2,"saver",0.00855745721271393
3,"saver",0.000466417910447761
4,"saver",0.000443655723158829
5,"saver",0.000449640287769784
1,"aspect",0.000443655723158829
2,"aspect",0.000407497962510187
3,"aspect",0.000466417910447761
4,"aspect",0.0137533274179237
5,"aspect",0.000449640287769784
1,"consider",0.000443655723158829
2,"consider",0.000407497962510187
3,"consider",0.000466417910447761
4,"consider",0.000443655723158829
5,"consider",0.00944244604316547
1,"debat",0.000443655723158829
2,"debat",0.00448247758761206
3,"debat",0.000466417910447761
4,"debat",0.000443655723158829
5,"debat",0.000449640287769784
1,"decreas",0.0137533274179237
2,"decreas",0.000407497962510187
3,"decreas",0.000466417910447761
4,"decreas",0.000443655723158829
5,"decreas",0.000449640287769784
1,"drawn",0.000443655723158829
2,"drawn",0.00448247758761206
3,"drawn",0.000466417910447761
4,"drawn",0.000443655723158829
5,"drawn",0.000449640287769784
1,"dumber",0.000443655723158829
2,"dumber",0.000407497962510187
3,"dumber",0.00513059701492537
4,"dumber",0.000443655723158829
5,"dumber",0.00494604316546763
1,"feel",0.0093167701863354
2,"feel",0.000407497962510187
3,"feel",0.0284514925373134
4,"feel",0.000443655723158829
5,"feel",0.000449640287769784
1,"grammar",0.0093167701863354
2,"grammar",0.000407497962510187
3,"grammar",0.000466417910447761
4,"grammar",0.000443655723158829
5,"grammar",0.000449640287769784
1,"hand",0.000443655723158829
2,"hand",0.000407497962510187
3,"hand",0.00513059701492537
4,"hand",0.000443655723158829
5,"hand",0.000449640287769784
1,"honestli",0.00488021295474711
2,"honestli",0.000407497962510187
3,"honestli",0.000466417910447761
4,"honestli",0.000443655723158829
5,"honestli",0.000449640287769784
1,"lazi",0.0137533274179237
2,"lazi",0.000407497962510187
3,"lazi",0.000466417910447761
4,"lazi",0.000443655723158829
5,"lazi",0.000449640287769784
1,"line",0.000443655723158829
2,"line",0.000407497962510187
3,"line",0.000466417910447761
4,"line",0.000443655723158829
5,"line",0.00944244604316547
1,"posit",0.000443655723158829
2,"posit",0.000407497962510187
3,"posit",0.000466417910447761
4,"posit",0.0093167701863354
5,"posit",0.000449640287769784
1,"product",0.000443655723158829
2,"product",0.000407497962510187
3,"product",0.000466417910447761
4,"product",0.018189884649512
5,"product",0.00944244604316547
1,"productivti",0.000443655723158829
2,"productivti",0.000407497962510187
3,"productivti",0.00513059701492537
4,"productivti",0.000443655723158829
5,"productivti",0.000449640287769784
1,"reminisc",0.000443655723158829
2,"reminisc",0.000407497962510187
3,"reminisc",0.000466417910447761
4,"reminisc",0.000443655723158829
5,"reminisc",0.00494604316546763
1,"reserv",0.00488021295474711
2,"reserv",0.000407497962510187
3,"reserv",0.000466417910447761
4,"reserv",0.000443655723158829
5,"reserv",0.000449640287769784
1,"shake",0.000443655723158829
2,"shake",0.00855745721271393
3,"shake",0.000466417910447761
4,"shake",0.000443655723158829
5,"shake",0.000449640287769784
1,"spell",0.000443655723158829
2,"spell",0.000407497962510187
3,"spell",0.000466417910447761
4,"spell",0.000443655723158829
5,"spell",0.00944244604316547
1,"tempt",0.000443655723158829
2,"tempt",0.000407497962510187
3,"tempt",0.000466417910447761
4,"tempt",0.000443655723158829
5,"tempt",0.00494604316546763
1,"versu",0.000443655723158829
2,"versu",0.00448247758761206
3,"versu",0.000466417910447761
4,"versu",0.000443655723158829
5,"versu",0.000449640287769784
1,"kill",0.000443655723158829
2,"kill",0.00448247758761206
3,"kill",0.000466417910447761
4,"kill",0.000443655723158829
5,"kill",0.000449640287769784
1,"accent",0.00488021295474711
2,"accent",0.000407497962510187
3,"accent",0.000466417910447761
4,"accent",0.000443655723158829
5,"accent",0.000449640287769784
1,"actor",0.000443655723158829
2,"actor",0.000407497962510187
3,"actor",0.000466417910447761
4,"actor",0.000443655723158829
5,"actor",0.00494604316546763
1,"adjust",0.000443655723158829
2,"adjust",0.000407497962510187
3,"adjust",0.000466417910447761
4,"adjust",0.000443655723158829
5,"adjust",0.00494604316546763
1,"black",0.000443655723158829
2,"black",0.000407497962510187
3,"black",0.000466417910447761
4,"black",0.00488021295474711
5,"black",0.000449640287769784
1,"box",0.000443655723158829
2,"box",0.00448247758761206
3,"box",0.000466417910447761
4,"box",0.000443655723158829
5,"box",0.000449640287769784
1,"brutalist",0.000443655723158829
2,"brutalist",0.000407497962510187
3,"brutalist",0.00513059701492537
4,"brutalist",0.000443655723158829
5,"brutalist",0.000449640287769784
1,"complex",0.000443655723158829
2,"complex",0.000407497962510187
3,"complex",0.000466417910447761
4,"complex",0.000443655723158829
5,"complex",0.00494604316546763
1,"concept",0.000443655723158829
2,"concept",0.000407497962510187
3,"concept",0.00513059701492537
4,"concept",0.000443655723158829
5,"concept",0.000449640287769784
1,"confus",0.00488021295474711
2,"confus",0.000407497962510187
3,"confus",0.000466417910447761
4,"confus",0.000443655723158829
5,"confus",0.000449640287769784
1,"contextu",0.000443655723158829
2,"contextu",0.000407497962510187
3,"contextu",0.000466417910447761
4,"contextu",0.00488021295474711
5,"contextu",0.000449640287769784
1,"director",0.000443655723158829
2,"director",0.000407497962510187
3,"director",0.000466417910447761
4,"director",0.000443655723158829
5,"director",0.00494604316546763
1,"door",0.000443655723158829
2,"door",0.000407497962510187
3,"door",0.00513059701492537
4,"door",0.000443655723158829
5,"door",0.000449640287769784
1,"easili",0.00488021295474711
2,"easili",0.000407497962510187
3,"easili",0.000466417910447761
4,"easili",0.000443655723158829
5,"easili",0.000449640287769784
1,"excis",0.000443655723158829
2,"excis",0.000407497962510187
3,"excis",0.00513059701492537
4,"excis",0.000443655723158829
5,"excis",0.000449640287769784
1,"explain",0.00488021295474711
2,"explain",0.00448247758761206
3,"explain",0.000466417910447761
4,"explain",0.000443655723158829
5,"explain",0.00494604316546763
1,"fast",0.000443655723158829
2,"fast",0.000407497962510187
3,"fast",0.000466417910447761
4,"fast",0.00488021295474711
5,"fast",0.000449640287769784
1,"final",0.000443655723158829
2,"final",0.000407497962510187
3,"final",0.00513059701492537
4,"final",0.000443655723158829
5,"final",0.000449640287769784
1,"form",0.000443655723158829
2,"form",0.000407497962510187
3,"form",0.000466417910447761
4,"form",0.00488021295474711
5,"form",0.000449640287769784
1,"formula",0.000443655723158829
2,"formula",0.000407497962510187
3,"formula",0.00979477611940299
4,"formula",0.000443655723158829
5,"formula",0.000449640287769784
1,"funnel",0.000443655723158829
2,"funnel",0.00448247758761206
3,"funnel",0.000466417910447761
4,"funnel",0.000443655723158829
5,"funnel",0.000449640287769784
1,"gibberish",0.000443655723158829
2,"gibberish",0.000407497962510187
3,"gibberish",0.000466417910447761
4,"gibberish",0.00488021295474711
5,"gibberish",0.000449640287769784
1,"height",0.000443655723158829
2,"height",0.000407497962510187
3,"height",0.000466417910447761
4,"height",0.00488021295474711
5,"height",0.000449640287769784
1,"ignor",0.000443655723158829
2,"ignor",0.000407497962510187
3,"ignor",0.000466417910447761
4,"ignor",0.000443655723158829
5,"ignor",0.00494604316546763
1,"increasingli",0.000443655723158829
2,"increasingli",0.000407497962510187
3,"increasingli",0.00513059701492537
4,"increasingli",0.000443655723158829
5,"increasingli",0.000449640287769784
1,"invent",0.00488021295474711
2,"invent",0.000407497962510187
3,"invent",0.000466417910447761
4,"invent",0.000443655723158829
5,"invent",0.000449640287769784
1,"languag",0.00488021295474711
2,"languag",0.000407497962510187
3,"languag",0.00513059701492537
4,"languag",0.000443655723158829
5,"languag",0.000449640287769784
1,"larger",0.000443655723158829
2,"larger",0.00448247758761206
3,"larger",0.000466417910447761
4,"larger",0.000443655723158829
5,"larger",0.000449640287769784
1,"lot",0.0137533274179237
2,"lot",0.000407497962510187
3,"lot",0.000466417910447761
4,"lot",0.0093167701863354
5,"lot",0.000449640287769784
1,"move",0.000443655723158829
2,"move",0.000407497962510187
3,"move",0.00979477611940299
4,"move",0.000443655723158829
5,"move",0.000449640287769784
1,"obviou",0.000443655723158829
2,"obviou",0.000407497962510187
3,"obviou",0.00513059701492537
4,"obviou",0.000443655723158829
5,"obviou",0.000449640287769784
1,"origin",0.000443655723158829
2,"origin",0.000407497962510187
3,"origin",0.00513059701492537
4,"origin",0.000443655723158829
5,"origin",0.000449640287769784
1,"perfect",0.000443655723158829
2,"perfect",0.000407497962510187
3,"perfect",0.00513059701492537
4,"perfect",0.000443655723158829
5,"perfect",0.00494604316546763
1,"reinterpret",0.000443655723158829
2,"reinterpret",0.00448247758761206
3,"reinterpret",0.000466417910447761
4,"reinterpret",0.000443655723158829
5,"reinterpret",0.000449640287769784
1,"reli",0.000443655723158829
2,"reli",0.000407497962510187
3,"reli",0.00979477611940299
4,"reli",0.000443655723158829
5,"reli",0.000449640287769784
1,"rerun",0.00488021295474711
2,"rerun",0.000407497962510187
3,"rerun",0.000466417910447761
4,"rerun",0.000443655723158829
5,"rerun",0.000449640287769784
1,"result",0.00488021295474711
2,"result",0.000407497962510187
3,"result",0.000466417910447761
4,"result",0.000443655723158829
5,"result",0.00494604316546763
1,"safe",0.000443655723158829
2,"safe",0.000407497962510187
3,"safe",0.00513059701492537
4,"safe",0.000443655723158829
5,"safe",0.000449640287769784
1,"safer",0.000443655723158829
2,"safer",0.000407497962510187
3,"safer",0.00513059701492537
4,"safer",0.000443655723158829
5,"safer",0.000449640287769784
1,"screw",0.000443655723158829
2,"screw",0.000407497962510187
3,"screw",0.000466417910447761
4,"screw",0.000443655723158829
5,"screw",0.00494604316546763
1,"seri",0.000443655723158829
2,"seri",0.00448247758761206
3,"seri",0.000466417910447761
4,"seri",0.000443655723158829
5,"seri",0.000449640287769784
1,"shortcut",0.00488021295474711
2,"shortcut",0.000407497962510187
3,"shortcut",0.000466417910447761
4,"shortcut",0.000443655723158829
5,"shortcut",0.000449640287769784
1,"similar",0.000443655723158829
2,"similar",0.000407497962510187
3,"similar",0.00513059701492537
4,"similar",0.00488021295474711
5,"similar",0.000449640287769784
1,"singl",0.000443655723158829
2,"singl",0.000407497962510187
3,"singl",0.000466417910447761
4,"singl",0.00488021295474711
5,"singl",0.000449640287769784
1,"size",0.000443655723158829
2,"size",0.00448247758761206
3,"size",0.000466417910447761
4,"size",0.000443655723158829
5,"size",0.000449640287769784
1,"sourc",0.000443655723158829
2,"sourc",0.000407497962510187
3,"sourc",0.0144589552238806
4,"sourc",0.000443655723158829
5,"sourc",0.000449640287769784
1,"speak",0.000443655723158829
2,"speak",0.000407497962510187
3,"speak",0.000466417910447761
4,"speak",0.00488021295474711
5,"speak",0.000449640287769784
1,"spreadsheet",0.00488021295474711
2,"spreadsheet",0.000407497962510187
3,"spreadsheet",0.000466417910447761
4,"spreadsheet",0.000443655723158829
5,"spreadsheet",0.000449640287769784
1,"stopgap",0.00488021295474711
2,"stopgap",0.000407497962510187
3,"stopgap",0.000466417910447761
4,"stopgap",0.000443655723158829
5,"stopgap",0.000449640287769784
1,"strung",0.00488021295474711
2,"strung",0.000407497962510187
3,"strung",0.000466417910447761
4,"strung",0.000443655723158829
5,"strung",0.000449640287769784
1,"symbol",0.000443655723158829
2,"symbol",0.000407497962510187
3,"symbol",0.000466417910447761
4,"symbol",0.00488021295474711
5,"symbol",0.000449640287769784
1,"system",0.000443655723158829
2,"system",0.000407497962510187
3,"system",0.000466417910447761
4,"system",0.00488021295474711
5,"system",0.00494604316546763
1,"think",0.000443655723158829
2,"think",0.000407497962510187
3,"think",0.000466417910447761
4,"think",0.018189884649512
5,"think",0.000449640287769784
1,"tweak",0.000443655723158829
2,"tweak",0.000407497962510187
3,"tweak",0.00513059701492537
4,"tweak",0.000443655723158829
5,"tweak",0.000449640287769784
1,"understand",0.0137533274179237
2,"understand",0.000407497962510187
3,"understand",0.000466417910447761
4,"understand",0.000443655723158829
5,"understand",0.000449640287769784
1,"wari",0.000443655723158829
2,"wari",0.000407497962510187
3,"wari",0.000466417910447761
4,"wari",0.00488021295474711
5,"wari",0.000449640287769784
1,"wield",0.000443655723158829
2,"wield",0.000407497962510187
3,"wield",0.000466417910447761
4,"wield",0.00488021295474711
5,"wield",0.000449640287769784
1,"wrong",0.000443655723158829
2,"wrong",0.000407497962510187
3,"wrong",0.000466417910447761
4,"wrong",0.000443655723158829
5,"wrong",0.0139388489208633
1,"agre",0.0137533274179237
2,"agre",0.000407497962510187
3,"agre",0.000466417910447761
4,"agre",0.000443655723158829
5,"agre",0.000449640287769784
1,"critic",0.000443655723158829
2,"critic",0.000407497962510187
3,"critic",0.000466417910447761
4,"critic",0.000443655723158829
5,"critic",0.0139388489208633
1,"evalu",0.000443655723158829
2,"evalu",0.000407497962510187
3,"evalu",0.00979477611940299
4,"evalu",0.000443655723158829
5,"evalu",0.000449640287769784
1,"grate",0.00488021295474711
2,"grate",0.000407497962510187
3,"grate",0.000466417910447761
4,"grate",0.000443655723158829
5,"grate",0.000449640287769784
1,"read",0.0137533274179237
2,"read",0.000407497962510187
3,"read",0.000466417910447761
4,"read",0.000443655723158829
5,"read",0.000449640287769784
1,"remind",0.00488021295474711
2,"remind",0.000407497962510187
3,"remind",0.000466417910447761
4,"remind",0.000443655723158829
5,"remind",0.000449640287769784
1,"web",0.000443655723158829
2,"web",0.000407497962510187
3,"web",0.000466417910447761
4,"web",0.000443655723158829
5,"web",0.00494604316546763
1,"wikipedia",0.000443655723158829
2,"wikipedia",0.000407497962510187
3,"wikipedia",0.000466417910447761
4,"wikipedia",0.000443655723158829
5,"wikipedia",0.00494604316546763
1,"fundament",0.000443655723158829
2,"fundament",0.00855745721271393
3,"fundament",0.000466417910447761
4,"fundament",0.000443655723158829
5,"fundament",0.000449640287769784
1,"america",0.000443655723158829
2,"america",0.000407497962510187
3,"america",0.000466417910447761
4,"america",0.000443655723158829
5,"america",0.00494604316546763
1,"approv",0.00488021295474711
2,"approv",0.000407497962510187
3,"approv",0.000466417910447761
4,"approv",0.000443655723158829
5,"approv",0.000449640287769784
1,"can’t",0.000443655723158829
2,"can’t",0.000407497962510187
3,"can’t",0.000466417910447761
4,"can’t",0.00488021295474711
5,"can’t",0.000449640287769784
1,"decad",0.000443655723158829
2,"decad",0.000407497962510187
3,"decad",0.00513059701492537
4,"decad",0.000443655723158829
5,"decad",0.000449640287769784
1,"issu",0.00488021295474711
2,"issu",0.000407497962510187
3,"issu",0.000466417910447761
4,"issu",0.000443655723158829
5,"issu",0.000449640287769784
1,"lap",0.000443655723158829
2,"lap",0.000407497962510187
3,"lap",0.00513059701492537
4,"lap",0.000443655723158829
5,"lap",0.000449640287769784
1,"legal",0.000443655723158829
2,"legal",0.00448247758761206
3,"legal",0.000466417910447761
4,"legal",0.000443655723158829
5,"legal",0.000449640287769784
1,"org",0.00488021295474711
2,"org",0.000407497962510187
3,"org",0.000466417910447761
4,"org",0.000443655723158829
5,"org",0.000449640287769784
1,"paramet",0.000443655723158829
2,"paramet",0.000407497962510187
3,"paramet",0.000466417910447761
4,"paramet",0.000443655723158829
5,"paramet",0.00494604316546763
1,"priorit",0.000443655723158829
2,"priorit",0.00855745721271393
3,"priorit",0.000466417910447761
4,"priorit",0.000443655723158829
5,"priorit",0.000449640287769784
1,"real",0.000443655723158829
2,"real",0.0126324368378158
3,"real",0.000466417910447761
4,"real",0.000443655723158829
5,"real",0.000449640287769784
1,"rememb",0.0093167701863354
2,"rememb",0.000407497962510187
3,"rememb",0.000466417910447761
4,"rememb",0.000443655723158829
5,"rememb",0.000449640287769784
1,"shouldn’t",0.000443655723158829
2,"shouldn’t",0.000407497962510187
3,"shouldn’t",0.000466417910447761
4,"shouldn’t",0.00488021295474711
5,"shouldn’t",0.000449640287769784
1,"depend",0.000443655723158829
2,"depend",0.000407497962510187
3,"depend",0.000466417910447761
4,"depend",0.0093167701863354
5,"depend",0.000449640287769784
1,"employ",0.000443655723158829
2,"employ",0.0126324368378158
3,"employ",0.000466417910447761
4,"employ",0.000443655723158829
5,"employ",0.000449640287769784
1,"enter",0.000443655723158829
2,"enter",0.000407497962510187
3,"enter",0.000466417910447761
4,"enter",0.00488021295474711
5,"enter",0.000449640287769784
1,"implic",0.000443655723158829
2,"implic",0.000407497962510187
3,"implic",0.000466417910447761
4,"implic",0.00488021295474711
5,"implic",0.000449640287769784
1,"i’d",0.000443655723158829
2,"i’d",0.000407497962510187
3,"i’d",0.00513059701492537
4,"i’d",0.000443655723158829
5,"i’d",0.000449640287769784
1,"sensit",0.00488021295474711
2,"sensit",0.000407497962510187
3,"sensit",0.000466417910447761
4,"sensit",0.000443655723158829
5,"sensit",0.000449640287769784
1,"train",0.000443655723158829
2,"train",0.000407497962510187
3,"train",0.00513059701492537
4,"train",0.000443655723158829
5,"train",0.00944244604316547
1,"upload",0.00488021295474711
2,"upload",0.000407497962510187
3,"upload",0.000466417910447761
4,"upload",0.000443655723158829
5,"upload",0.000449640287769784
1,"born",0.000443655723158829
2,"born",0.000407497962510187
3,"born",0.00513059701492537
4,"born",0.000443655723158829
5,"born",0.000449640287769784
1,"capac",0.000443655723158829
2,"capac",0.000407497962510187
3,"capac",0.000466417910447761
4,"capac",0.000443655723158829
5,"capac",0.00494604316546763
1,"chang",0.000443655723158829
2,"chang",0.000407497962510187
3,"chang",0.000466417910447761
4,"chang",0.000443655723158829
5,"chang",0.00944244604316547
1,"chip",0.000443655723158829
2,"chip",0.000407497962510187
3,"chip",0.000466417910447761
4,"chip",0.000443655723158829
5,"chip",0.00494604316546763
1,"chocol",0.000443655723158829
2,"chocol",0.00448247758761206
3,"chocol",0.000466417910447761
4,"chocol",0.000443655723158829
5,"chocol",0.000449640287769784
1,"digest",0.000443655723158829
2,"digest",0.000407497962510187
3,"digest",0.000466417910447761
4,"digest",0.000443655723158829
5,"digest",0.00494604316546763
1,"educ",0.000443655723158829
2,"educ",0.000407497962510187
3,"educ",0.000466417910447761
4,"educ",0.00488021295474711
5,"educ",0.000449640287769784
1,"inher",0.000443655723158829
2,"inher",0.000407497962510187
3,"inher",0.000466417910447761
4,"inher",0.000443655723158829
5,"inher",0.00944244604316547
1,"isn’t",0.00488021295474711
2,"isn’t",0.000407497962510187
3,"isn’t",0.000466417910447761
4,"isn’t",0.000443655723158829
5,"isn’t",0.000449640287769784
1,"it’",0.000443655723158829
2,"it’",0.000407497962510187
3,"it’",0.000466417910447761
4,"it’",0.018189884649512
5,"it’",0.000449640287769784
1,"life",0.000443655723158829
2,"life",0.000407497962510187
3,"life",0.000466417910447761
4,"life",0.000443655723158829
5,"life",0.00494604316546763
1,"make",0.000443655723158829
2,"make",0.000407497962510187
3,"make",0.000466417910447761
4,"make",0.0093167701863354
5,"make",0.000449640287769784
1,"memori",0.00488021295474711
2,"memori",0.000407497962510187
3,"memori",0.000466417910447761
4,"memori",0.000443655723158829
5,"memori",0.000449640287769784
1,"pleasant",0.000443655723158829
2,"pleasant",0.00448247758761206
3,"pleasant",0.000466417910447761
4,"pleasant",0.000443655723158829
5,"pleasant",0.000449640287769784
1,"skid",0.000443655723158829
2,"skid",0.000407497962510187
3,"skid",0.000466417910447761
4,"skid",0.00488021295474711
5,"skid",0.000449640287769784
1,"steer",0.00488021295474711
2,"steer",0.000407497962510187
3,"steer",0.000466417910447761
4,"steer",0.000443655723158829
5,"steer",0.000449640287769784
1,"synonym",0.000443655723158829
2,"synonym",0.00448247758761206
3,"synonym",0.000466417910447761
4,"synonym",0.000443655723158829
5,"synonym",0.000449640287769784
1,"trip",0.000443655723158829
2,"trip",0.000407497962510187
3,"trip",0.000466417910447761
4,"trip",0.00488021295474711
5,"trip",0.000449640287769784
1,"aid",0.00488021295474711
2,"aid",0.000407497962510187
3,"aid",0.000466417910447761
4,"aid",0.000443655723158829
5,"aid",0.000449640287769784
1,"analysi",0.000443655723158829
2,"analysi",0.00855745721271393
3,"analysi",0.000466417910447761
4,"analysi",0.000443655723158829
5,"analysi",0.000449640287769784
1,"board",0.000443655723158829
2,"board",0.00448247758761206
3,"board",0.000466417910447761
4,"board",0.000443655723158829
5,"board",0.000449640287769784
1,"challeng",0.000443655723158829
2,"challeng",0.000407497962510187
3,"challeng",0.000466417910447761
4,"challeng",0.00488021295474711
5,"challeng",0.000449640287769784
1,"chatgpt",0.000443655723158829
2,"chatgpt",0.000407497962510187
3,"chatgpt",0.000466417910447761
4,"chatgpt",0.000443655723158829
5,"chatgpt",0.0184352517985611
1,"commun",0.000443655723158829
2,"commun",0.000407497962510187
3,"commun",0.000466417910447761
4,"commun",0.000443655723158829
5,"commun",0.00494604316546763
1,"dai",0.000443655723158829
2,"dai",0.000407497962510187
3,"dai",0.0144589552238806
4,"dai",0.000443655723158829
5,"dai",0.000449640287769784
1,"differ",0.000443655723158829
2,"differ",0.000407497962510187
3,"differ",0.00979477611940299
4,"differ",0.000443655723158829
5,"differ",0.000449640287769784
1,"direct",0.00488021295474711
2,"direct",0.000407497962510187
3,"direct",0.000466417910447761
4,"direct",0.000443655723158829
5,"direct",0.000449640287769784
1,"employe",0.000443655723158829
2,"employe",0.000407497962510187
3,"employe",0.00979477611940299
4,"employe",0.000443655723158829
5,"employe",0.000449640287769784
1,"explicitli",0.000443655723158829
2,"explicitli",0.000407497962510187
3,"explicitli",0.000466417910447761
4,"explicitli",0.00488021295474711
5,"explicitli",0.000449640287769784
1,"freeform",0.00488021295474711
2,"freeform",0.000407497962510187
3,"freeform",0.000466417910447761
4,"freeform",0.000443655723158829
5,"freeform",0.000449640287769784
1,"gemini",0.000443655723158829
2,"gemini",0.00448247758761206
3,"gemini",0.000466417910447761
4,"gemini",0.000443655723158829
5,"gemini",0.000449640287769784
1,"goal",0.000443655723158829
2,"goal",0.000407497962510187
3,"goal",0.000466417910447761
4,"goal",0.00488021295474711
5,"goal",0.000449640287769784
1,"ideal",0.000443655723158829
2,"ideal",0.000407497962510187
3,"ideal",0.00513059701492537
4,"ideal",0.000443655723158829
5,"ideal",0.000449640287769784
1,"imo",0.000443655723158829
2,"imo",0.000407497962510187
3,"imo",0.000466417910447761
4,"imo",0.000443655723158829
5,"imo",0.00494604316546763
1,"individu",0.0093167701863354
2,"individu",0.000407497962510187
3,"individu",0.000466417910447761
4,"individu",0.000443655723158829
5,"individu",0.000449640287769784
1,"laid",0.000443655723158829
2,"laid",0.000407497962510187
3,"laid",0.00513059701492537
4,"laid",0.000443655723158829
5,"laid",0.000449640287769784
1,"meaning",0.000443655723158829
2,"meaning",0.000407497962510187
3,"meaning",0.00513059701492537
4,"meaning",0.000443655723158829
5,"meaning",0.000449640287769784
1,"motiv",0.00488021295474711
2,"motiv",0.000407497962510187
3,"motiv",0.000466417910447761
4,"motiv",0.000443655723158829
5,"motiv",0.000449640287769784
1,"narr",0.00488021295474711
2,"narr",0.000407497962510187
3,"narr",0.000466417910447761
4,"narr",0.000443655723158829
5,"narr",0.000449640287769784
1,"past",0.000443655723158829
2,"past",0.000407497962510187
3,"past",0.000466417910447761
4,"past",0.0093167701863354
5,"past",0.000449640287769784
1,"patient",0.00488021295474711
2,"patient",0.000407497962510187
3,"patient",0.000466417910447761
4,"patient",0.000443655723158829
5,"patient",0.000449640287769784
1,"person",0.0093167701863354
2,"person",0.000407497962510187
3,"person",0.00513059701492537
4,"person",0.000443655723158829
5,"person",0.000449640287769784
1,"run",0.000443655723158829
2,"run",0.000407497962510187
3,"run",0.00513059701492537
4,"run",0.000443655723158829
5,"run",0.000449640287769784
1,"sentiment",0.000443655723158829
2,"sentiment",0.000407497962510187
3,"sentiment",0.000466417910447761
4,"sentiment",0.00488021295474711
5,"sentiment",0.000449640287769784
1,"sound",0.000443655723158829
2,"sound",0.000407497962510187
3,"sound",0.000466417910447761
4,"sound",0.000443655723158829
5,"sound",0.00494604316546763
1,"spend",0.000443655723158829
2,"spend",0.000407497962510187
3,"spend",0.00979477611940299
4,"spend",0.000443655723158829
5,"spend",0.000449640287769784
1,"spit",0.00488021295474711
2,"spit",0.000407497962510187
3,"spit",0.000466417910447761
4,"spit",0.000443655723158829
5,"spit",0.000449640287769784
1,"staff",0.000443655723158829
2,"staff",0.00448247758761206
3,"staff",0.000466417910447761
4,"staff",0.000443655723158829
5,"staff",0.000449640287769784
1,"strength",0.000443655723158829
2,"strength",0.000407497962510187
3,"strength",0.000466417910447761
4,"strength",0.0093167701863354
5,"strength",0.000449640287769784
1,"tone",0.000443655723158829
2,"tone",0.000407497962510187
3,"tone",0.00513059701492537
4,"tone",0.000443655723158829
5,"tone",0.000449640287769784
1,"type",0.00488021295474711
2,"type",0.000407497962510187
3,"type",0.000466417910447761
4,"type",0.000443655723158829
5,"type",0.000449640287769784
1,"word",0.000443655723158829
2,"word",0.00855745721271393
3,"word",0.000466417910447761
4,"word",0.000443655723158829
5,"word",0.000449640287769784
1,"wordsmith",0.000443655723158829
2,"wordsmith",0.000407497962510187
3,"wordsmith",0.00513059701492537
4,"wordsmith",0.000443655723158829
5,"wordsmith",0.000449640287769784
1,"write",0.000443655723158829
2,"write",0.000407497962510187
3,"write",0.000466417910447761
4,"write",0.000443655723158829
5,"write",0.0139388489208633
1,"_more_",0.00488021295474711
2,"_more_",0.000407497962510187
3,"_more_",0.000466417910447761
4,"_more_",0.000443655723158829
5,"_more_",0.000449640287769784
1,"develop",0.000443655723158829
2,"develop",0.00855745721271393
3,"develop",0.000466417910447761
4,"develop",0.000443655723158829
5,"develop",0.000449640287769784
1,"fine",0.000443655723158829
2,"fine",0.00855745721271393
3,"fine",0.000466417910447761
4,"fine",0.000443655723158829
5,"fine",0.000449640287769784
1,"gruntwork",0.00488021295474711
2,"gruntwork",0.000407497962510187
3,"gruntwork",0.000466417910447761
4,"gruntwork",0.000443655723158829
5,"gruntwork",0.000449640287769784
1,"inexperienc",0.000443655723158829
2,"inexperienc",0.00448247758761206
3,"inexperienc",0.000466417910447761
4,"inexperienc",0.000443655723158829
5,"inexperienc",0.000449640287769784
1,"inim",0.000443655723158829
2,"inim",0.000407497962510187
3,"inim",0.000466417910447761
4,"inim",0.00488021295474711
5,"inim",0.000449640287769784
1,"intern",0.000443655723158829
2,"intern",0.000407497962510187
3,"intern",0.000466417910447761
4,"intern",0.000443655723158829
5,"intern",0.00494604316546763
1,"month",0.000443655723158829
2,"month",0.000407497962510187
3,"month",0.00513059701492537
4,"month",0.000443655723158829
5,"month",0.000449640287769784
1,"quickli",0.000443655723158829
2,"quickli",0.000407497962510187
3,"quickli",0.000466417910447761
4,"quickli",0.00488021295474711
5,"quickli",0.000449640287769784
1,"realis",0.000443655723158829
2,"realis",0.000407497962510187
3,"realis",0.000466417910447761
4,"realis",0.000443655723158829
5,"realis",0.00494604316546763
1,"refin",0.00488021295474711
2,"refin",0.000407497962510187
3,"refin",0.000466417910447761
4,"refin",0.000443655723158829
5,"refin",0.00494604316546763
1,"review",0.000443655723158829
2,"review",0.000407497962510187
3,"review",0.000466417910447761
4,"review",0.000443655723158829
5,"review",0.00494604316546763
1,"seat",0.000443655723158829
2,"seat",0.000407497962510187
3,"seat",0.000466417910447761
4,"seat",0.00488021295474711
5,"seat",0.000449640287769784
1,"smart",0.0093167701863354
2,"smart",0.000407497962510187
3,"smart",0.00513059701492537
4,"smart",0.000443655723158829
5,"smart",0.000449640287769784
1,"stuff",0.000443655723158829
2,"stuff",0.00448247758761206
3,"stuff",0.0144589552238806
4,"stuff",0.000443655723158829
5,"stuff",0.000449640287769784
1,"teach",0.000443655723158829
2,"teach",0.00448247758761206
3,"teach",0.000466417910447761
4,"teach",0.000443655723158829
5,"teach",0.000449640287769784
1,"walk",0.000443655723158829
2,"walk",0.000407497962510187
3,"walk",0.000466417910447761
4,"walk",0.0093167701863354
5,"walk",0.000449640287769784
1,"button",0.000443655723158829
2,"button",0.000407497962510187
3,"button",0.00513059701492537
4,"button",0.000443655723158829
5,"button",0.000449640287769784
1,"easi",0.000443655723158829
2,"easi",0.00448247758761206
3,"easi",0.000466417910447761
4,"easi",0.000443655723158829
5,"easi",0.000449640287769784
1,"importantli",0.000443655723158829
2,"importantli",0.00448247758761206
3,"importantli",0.000466417910447761
4,"importantli",0.000443655723158829
5,"importantli",0.000449640287769784
1,"action",0.000443655723158829
2,"action",0.000407497962510187
3,"action",0.00513059701492537
4,"action",0.000443655723158829
5,"action",0.000449640287769784
1,"allow",0.000443655723158829
2,"allow",0.000407497962510187
3,"allow",0.00513059701492537
4,"allow",0.000443655723158829
5,"allow",0.000449640287769784
1,"answer",0.000443655723158829
2,"answer",0.000407497962510187
3,"answer",0.00513059701492537
4,"answer",0.0093167701863354
5,"answer",0.000449640287769784
1,"argument",0.000443655723158829
2,"argument",0.000407497962510187
3,"argument",0.00513059701492537
4,"argument",0.000443655723158829
5,"argument",0.000449640287769784
1,"artificialintelig",0.000443655723158829
2,"artificialintelig",0.000407497962510187
3,"artificialintelig",0.00513059701492537
4,"artificialintelig",0.000443655723158829
5,"artificialintelig",0.000449640287769784
1,"artificialintellig",0.000443655723158829
2,"artificialintellig",0.000407497962510187
3,"artificialintellig",0.00513059701492537
4,"artificialintellig",0.000443655723158829
5,"artificialintellig",0.000449640287769784
1,"automat",0.000443655723158829
2,"automat",0.000407497962510187
3,"automat",0.000466417910447761
4,"automat",0.000443655723158829
5,"automat",0.00494604316546763
1,"beast",0.000443655723158829
2,"beast",0.000407497962510187
3,"beast",0.00513059701492537
4,"beast",0.000443655723158829
5,"beast",0.000449640287769784
1,"bot",0.000443655723158829
2,"bot",0.00448247758761206
3,"bot",0.000466417910447761
4,"bot",0.000443655723158829
5,"bot",0.000449640287769784
1,"bring",0.000443655723158829
2,"bring",0.00855745721271393
3,"bring",0.000466417910447761
4,"bring",0.000443655723158829
5,"bring",0.000449640287769784
1,"charact",0.000443655723158829
2,"charact",0.00448247758761206
3,"charact",0.000466417910447761
4,"charact",0.000443655723158829
5,"charact",0.000449640287769784
1,"comment",0.00488021295474711
2,"comment",0.000407497962510187
3,"comment",0.000466417910447761
4,"comment",0.000443655723158829
5,"comment",0.000449640287769784
1,"compos",0.000443655723158829
2,"compos",0.00448247758761206
3,"compos",0.000466417910447761
4,"compos",0.000443655723158829
5,"compos",0.000449640287769784
1,"concern",0.000443655723158829
2,"concern",0.000407497962510187
3,"concern",0.000466417910447761
4,"concern",0.000443655723158829
5,"concern",0.00494604316546763
1,"contact",0.000443655723158829
2,"contact",0.000407497962510187
3,"contact",0.00513059701492537
4,"contact",0.000443655723158829
5,"contact",0.000449640287769784
1,"current",0.000443655723158829
2,"current",0.000407497962510187
3,"current",0.00513059701492537
4,"current",0.000443655723158829
5,"current",0.000449640287769784
1,"detail",0.000443655723158829
2,"detail",0.000407497962510187
3,"detail",0.000466417910447761
4,"detail",0.00488021295474711
5,"detail",0.00494604316546763
1,"encourag",0.000443655723158829
2,"encourag",0.00448247758761206
3,"encourag",0.000466417910447761
4,"encourag",0.000443655723158829
5,"encourag",0.000449640287769784
1,"featur",0.000443655723158829
2,"featur",0.000407497962510187
3,"featur",0.000466417910447761
4,"featur",0.000443655723158829
5,"featur",0.00944244604316547
1,"futur",0.000443655723158829
2,"futur",0.000407497962510187
3,"futur",0.00513059701492537
4,"futur",0.000443655723158829
5,"futur",0.000449640287769784
1,"gatewai",0.00488021295474711
2,"gatewai",0.000407497962510187
3,"gatewai",0.000466417910447761
4,"gatewai",0.000443655723158829
5,"gatewai",0.000449640287769784
1,"link",0.00488021295474711
2,"link",0.000407497962510187
3,"link",0.000466417910447761
4,"link",0.000443655723158829
5,"link",0.000449640287769784
1,"messag",0.000443655723158829
2,"messag",0.000407497962510187
3,"messag",0.000466417910447761
4,"messag",0.00488021295474711
5,"messag",0.000449640287769784
1,"mod",0.000443655723158829
2,"mod",0.00448247758761206
3,"mod",0.000466417910447761
4,"mod",0.000443655723158829
5,"mod",0.000449640287769784
1,"moder",0.00488021295474711
2,"moder",0.000407497962510187
3,"moder",0.000466417910447761
4,"moder",0.000443655723158829
5,"moder",0.000449640287769784
1,"neg",0.000443655723158829
2,"neg",0.00855745721271393
3,"neg",0.000466417910447761
4,"neg",0.000443655723158829
5,"neg",0.000449640287769784
1,"provid",0.000443655723158829
2,"provid",0.000407497962510187
3,"provid",0.000466417910447761
4,"provid",0.00488021295474711
5,"provid",0.000449640287769784
1,"respect",0.000443655723158829
2,"respect",0.000407497962510187
3,"respect",0.00513059701492537
4,"respect",0.000443655723158829
5,"respect",0.000449640287769784
1,"search",0.000443655723158829
2,"search",0.000407497962510187
3,"search",0.000466417910447761
4,"search",0.0093167701863354
5,"search",0.000449640287769784
1,"stupid",0.00488021295474711
2,"stupid",0.00448247758761206
3,"stupid",0.000466417910447761
4,"stupid",0.000443655723158829
5,"stupid",0.000449640287769784
1,"subreddit",0.00488021295474711
2,"subreddit",0.000407497962510187
3,"subreddit",0.000466417910447761
4,"subreddit",0.000443655723158829
5,"subreddit",0.000449640287769784
1,"ai’",0.0093167701863354
2,"ai’",0.000407497962510187
3,"ai’",0.000466417910447761
4,"ai’",0.000443655723158829
5,"ai’",0.000449640287769784
1,"amplifi",0.000443655723158829
2,"amplifi",0.000407497962510187
3,"amplifi",0.000466417910447761
4,"amplifi",0.00488021295474711
5,"amplifi",0.000449640287769784
1,"aren’t",0.000443655723158829
2,"aren’t",0.000407497962510187
3,"aren’t",0.000466417910447761
4,"aren’t",0.00488021295474711
5,"aren’t",0.000449640287769784
1,"audit",0.000443655723158829
2,"audit",0.00448247758761206
3,"audit",0.000466417910447761
4,"audit",0.000443655723158829
5,"audit",0.000449640287769784
1,"autom",0.000443655723158829
2,"autom",0.000407497962510187
3,"autom",0.000466417910447761
4,"autom",0.0093167701863354
5,"autom",0.000449640287769784
1,"balanc",0.000443655723158829
2,"balanc",0.000407497962510187
3,"balanc",0.000466417910447761
4,"balanc",0.00488021295474711
5,"balanc",0.000449640287769784
1,"benefit",0.00488021295474711
2,"benefit",0.000407497962510187
3,"benefit",0.000466417910447761
4,"benefit",0.000443655723158829
5,"benefit",0.000449640287769784
1,"capabl",0.000443655723158829
2,"capabl",0.00448247758761206
3,"capabl",0.000466417910447761
4,"capabl",0.000443655723158829
5,"capabl",0.000449640287769784
1,"check",0.000443655723158829
2,"check",0.000407497962510187
3,"check",0.000466417910447761
4,"check",0.000443655723158829
5,"check",0.00944244604316547
1,"compromis",0.00488021295474711
2,"compromis",0.000407497962510187
3,"compromis",0.000466417910447761
4,"compromis",0.000443655723158829
5,"compromis",0.000449640287769784
1,"creativ",0.000443655723158829
2,"creativ",0.000407497962510187
3,"creativ",0.000466417910447761
4,"creativ",0.00488021295474711
5,"creativ",0.000449640287769784
1,"curiou",0.00488021295474711
2,"curiou",0.000407497962510187
3,"curiou",0.000466417910447761
4,"curiou",0.000443655723158829
5,"curiou",0.000449640287769784
1,"decis",0.000443655723158829
2,"decis",0.000407497962510187
3,"decis",0.000466417910447761
4,"decis",0.00488021295474711
5,"decis",0.000449640287769784
1,"dedic",0.000443655723158829
2,"dedic",0.00448247758761206
3,"dedic",0.000466417910447761
4,"dedic",0.000443655723158829
5,"dedic",0.000449640287769784
1,"deeper",0.000443655723158829
2,"deeper",0.00448247758761206
3,"deeper",0.000466417910447761
4,"deeper",0.000443655723158829
5,"deeper",0.000449640287769784
1,"deliber",0.000443655723158829
2,"deliber",0.000407497962510187
3,"deliber",0.000466417910447761
4,"deliber",0.000443655723158829
5,"deliber",0.00494604316546763
1,"draft",0.000443655723158829
2,"draft",0.00448247758761206
3,"draft",0.000466417910447761
4,"draft",0.000443655723158829
5,"draft",0.000449640287769784
1,"elev",0.000443655723158829
2,"elev",0.000407497962510187
3,"elev",0.000466417910447761
4,"elev",0.000443655723158829
5,"elev",0.00494604316546763
1,"erod",0.00488021295474711
2,"erod",0.000407497962510187
3,"erod",0.000466417910447761
4,"erod",0.000443655723158829
5,"erod",0.000449640287769784
1,"ethic",0.000443655723158829
2,"ethic",0.00448247758761206
3,"ethic",0.000466417910447761
4,"ethic",0.000443655723158829
5,"ethic",0.000449640287769784
1,"focu",0.000443655723158829
2,"focu",0.000407497962510187
3,"focu",0.00979477611940299
4,"focu",0.00488021295474711
5,"focu",0.000449640287769784
1,"free",0.000443655723158829
2,"free",0.000407497962510187
3,"free",0.000466417910447761
4,"free",0.00488021295474711
5,"free",0.000449640287769784
1,"growth",0.000443655723158829
2,"growth",0.000407497962510187
3,"growth",0.000466417910447761
4,"growth",0.00488021295474711
5,"growth",0.000449640287769784
1,"har",0.00488021295474711
2,"har",0.000407497962510187
3,"har",0.000466417910447761
4,"har",0.000443655723158829
5,"har",0.000449640287769784
1,"instanc",0.000443655723158829
2,"instanc",0.000407497962510187
3,"instanc",0.000466417910447761
4,"instanc",0.000443655723158829
5,"instanc",0.00494604316546763
1,"intention",0.000443655723158829
2,"intention",0.00448247758761206
3,"intention",0.000466417910447761
4,"intention",0.000443655723158829
5,"intention",0.000449640287769784
1,"interpret",0.00488021295474711
2,"interpret",0.000407497962510187
3,"interpret",0.000466417910447761
4,"interpret",0.000443655723158829
5,"interpret",0.000449640287769784
1,"kei",0.000443655723158829
2,"kei",0.00448247758761206
3,"kei",0.000466417910447761
4,"kei",0.000443655723158829
5,"kei",0.000449640287769784
1,"lean",0.000443655723158829
2,"lean",0.000407497962510187
3,"lean",0.000466417910447761
4,"lean",0.000443655723158829
5,"lean",0.00494604316546763
1,"leverag",0.000443655723158829
2,"leverag",0.000407497962510187
3,"leverag",0.000466417910447761
4,"leverag",0.00488021295474711
5,"leverag",0.000449640287769784
1,"mental",0.000443655723158829
2,"mental",0.000407497962510187
3,"mental",0.000466417910447761
4,"mental",0.00488021295474711
5,"mental",0.000449640287769784
1,"nuanc",0.00488021295474711
2,"nuanc",0.000407497962510187
3,"nuanc",0.000466417910447761
4,"nuanc",0.000443655723158829
5,"nuanc",0.000449640287769784
1,"outsourc",0.00488021295474711
2,"outsourc",0.000407497962510187
3,"outsourc",0.000466417910447761
4,"outsourc",0.000443655723158829
5,"outsourc",0.000449640287769784
1,"partner",0.000443655723158829
2,"partner",0.000407497962510187
3,"partner",0.000466417910447761
4,"partner",0.000443655723158829
5,"partner",0.00494604316546763
1,"power",0.000443655723158829
2,"power",0.000407497962510187
3,"power",0.00513059701492537
4,"power",0.000443655723158829
5,"power",0.000449640287769784
1,"propos",0.000443655723158829
2,"propos",0.00448247758761206
3,"propos",0.000466417910447761
4,"propos",0.000443655723158829
5,"propos",0.000449640287769784
1,"reflect",0.000443655723158829
2,"reflect",0.000407497962510187
3,"reflect",0.00513059701492537
4,"reflect",0.000443655723158829
5,"reflect",0.000449640287769784
1,"repetit",0.000443655723158829
2,"repetit",0.00448247758761206
3,"repetit",0.000466417910447761
4,"repetit",0.000443655723158829
5,"repetit",0.000449640287769784
1,"replac",0.000443655723158829
2,"replac",0.000407497962510187
3,"replac",0.000466417910447761
4,"replac",0.00488021295474711
5,"replac",0.000449640287769784
1,"requir",0.000443655723158829
2,"requir",0.00448247758761206
3,"requir",0.000466417910447761
4,"requir",0.000443655723158829
5,"requir",0.000449640287769784
1,"retent",0.000443655723158829
2,"retent",0.000407497962510187
3,"retent",0.000466417910447761
4,"retent",0.00488021295474711
5,"retent",0.000449640287769784
1,"role",0.0093167701863354
2,"role",0.000407497962510187
3,"role",0.000466417910447761
4,"role",0.000443655723158829
5,"role",0.000449640287769784
1,"save",0.000443655723158829
2,"save",0.00855745721271393
3,"save",0.000466417910447761
4,"save",0.000443655723158829
5,"save",0.000449640287769784
1,"shape",0.000443655723158829
2,"shape",0.000407497962510187
3,"shape",0.000466417910447761
4,"shape",0.000443655723158829
5,"shape",0.00494604316546763
1,"sharp",0.000443655723158829
2,"sharp",0.000407497962510187
3,"sharp",0.000466417910447761
4,"sharp",0.000443655723158829
5,"sharp",0.00494604316546763
1,"similarli",0.000443655723158829
2,"similarli",0.000407497962510187
3,"similarli",0.000466417910447761
4,"similarli",0.00488021295474711
5,"similarli",0.000449640287769784
1,"solv",0.000443655723158829
2,"solv",0.00448247758761206
3,"solv",0.000466417910447761
4,"solv",0.000443655723158829
5,"solv",0.000449640287769784
1,"space",0.00488021295474711
2,"space",0.000407497962510187
3,"space",0.000466417910447761
4,"space",0.000443655723158829
5,"space",0.000449640287769784
1,"strategi",0.000443655723158829
2,"strategi",0.000407497962510187
3,"strategi",0.000466417910447761
4,"strategi",0.00488021295474711
5,"strategi",0.000449640287769784
1,"success",0.000443655723158829
2,"success",0.000407497962510187
3,"success",0.000466417910447761
4,"success",0.0093167701863354
5,"success",0.000449640287769784
1,"sustain",0.000443655723158829
2,"sustain",0.000407497962510187
3,"sustain",0.000466417910447761
4,"sustain",0.000443655723158829
5,"sustain",0.00494604316546763
1,"task",0.000443655723158829
2,"task",0.000407497962510187
3,"task",0.000466417910447761
4,"task",0.000443655723158829
5,"task",0.00944244604316547
1,"ultim",0.000443655723158829
2,"ultim",0.000407497962510187
3,"ultim",0.000466417910447761
4,"ultim",0.000443655723158829
5,"ultim",0.00494604316546763
1,"unplug",0.000443655723158829
2,"unplug",0.000407497962510187
3,"unplug",0.000466417910447761
4,"unplug",0.000443655723158829
5,"unplug",0.00494604316546763
1,"valid",0.000443655723158829
2,"valid",0.000407497962510187
3,"valid",0.000466417910447761
4,"valid",0.00488021295474711
5,"valid",0.000449640287769784
1,"car",0.000443655723158829
2,"car",0.000407497962510187
3,"car",0.000466417910447761
4,"car",0.00488021295474711
5,"car",0.000449640287769784
1,"career",0.000443655723158829
2,"career",0.000407497962510187
3,"career",0.000466417910447761
4,"career",0.000443655723158829
5,"career",0.00494604316546763
1,"divis",0.000443655723158829
2,"divis",0.000407497962510187
3,"divis",0.000466417910447761
4,"divis",0.00488021295474711
5,"divis",0.000449640287769784
1,"electr",0.00488021295474711
2,"electr",0.000407497962510187
3,"electr",0.000466417910447761
4,"electr",0.000443655723158829
5,"electr",0.000449640287769784
1,"engin",0.000443655723158829
2,"engin",0.000407497962510187
3,"engin",0.000466417910447761
4,"engin",0.0093167701863354
5,"engin",0.000449640287769784
1,"lost",0.000443655723158829
2,"lost",0.00855745721271393
3,"lost",0.000466417910447761
4,"lost",0.000443655723158829
5,"lost",0.000449640287769784
1,"manual",0.000443655723158829
2,"manual",0.000407497962510187
3,"manual",0.000466417910447761
4,"manual",0.000443655723158829
5,"manual",0.00494604316546763
1,"prefer",0.000443655723158829
2,"prefer",0.000407497962510187
3,"prefer",0.000466417910447761
4,"prefer",0.000443655723158829
5,"prefer",0.00494604316546763
1,"relearn",0.00488021295474711
2,"relearn",0.000407497962510187
3,"relearn",0.000466417910447761
4,"relearn",0.000443655723158829
5,"relearn",0.000449640287769784
1,"rusti",0.000443655723158829
2,"rusti",0.000407497962510187
3,"rusti",0.00513059701492537
4,"rusti",0.000443655723158829
5,"rusti",0.000449640287769784
1,"sander",0.000443655723158829
2,"sander",0.000407497962510187
3,"sander",0.000466417910447761
4,"sander",0.000443655723158829
5,"sander",0.00494604316546763
1,"arithmet",0.00488021295474711
2,"arithmet",0.000407497962510187
3,"arithmet",0.000466417910447761
4,"arithmet",0.000443655723158829
5,"arithmet",0.000449640287769784
1,"digit",0.000443655723158829
2,"digit",0.000407497962510187
3,"digit",0.000466417910447761
4,"digit",0.000443655723158829
5,"digit",0.00494604316546763
1,"eighti",0.000443655723158829
2,"eighti",0.00448247758761206
3,"eighti",0.000466417910447761
4,"eighti",0.000443655723158829
5,"eighti",0.000449640287769784
1,"forgot",0.000443655723158829
2,"forgot",0.00448247758761206
3,"forgot",0.000466417910447761
4,"forgot",0.000443655723158829
5,"forgot",0.000449640287769784
1,"simpl",0.000443655723158829
2,"simpl",0.000407497962510187
3,"simpl",0.000466417910447761
4,"simpl",0.0093167701863354
5,"simpl",0.000449640287769784
1,"lose",0.000443655723158829
2,"lose",0.00448247758761206
3,"lose",0.000466417910447761
4,"lose",0.000443655723158829
5,"lose",0.000449640287769784
1,"you’ll",0.000443655723158829
2,"you’ll",0.000407497962510187
3,"you’ll",0.00513059701492537
4,"you’ll",0.000443655723158829
5,"you’ll",0.000449640287769784
1,"faster",0.000443655723158829
2,"faster",0.000407497962510187
3,"faster",0.00513059701492537
4,"faster",0.000443655723158829
5,"faster",0.000449640287769784
1,"hire",0.000443655723158829
2,"hire",0.000407497962510187
3,"hire",0.000466417910447761
4,"hire",0.00488021295474711
5,"hire",0.000449640287769784
1,"mediocr",0.000443655723158829
2,"mediocr",0.000407497962510187
3,"mediocr",0.00513059701492537
4,"mediocr",0.000443655723158829
5,"mediocr",0.000449640287769784
1,"model",0.000443655723158829
2,"model",0.000407497962510187
3,"model",0.00513059701492537
4,"model",0.000443655723158829
5,"model",0.000449640287769784
1,"monei",0.000443655723158829
2,"monei",0.000407497962510187
3,"monei",0.00513059701492537
4,"monei",0.000443655723158829
5,"monei",0.000449640287769784
1,"presum",0.000443655723158829
2,"presum",0.000407497962510187
3,"presum",0.00513059701492537
4,"presum",0.000443655723158829
5,"presum",0.000449640287769784
1,"remain",0.000443655723158829
2,"remain",0.000407497962510187
3,"remain",0.00513059701492537
4,"remain",0.000443655723158829
5,"remain",0.000449640287769784
1,"wast",0.00488021295474711
2,"wast",0.000407497962510187
3,"wast",0.000466417910447761
4,"wast",0.000443655723158829
5,"wast",0.000449640287769784
1,"effect",0.00488021295474711
2,"effect",0.000407497962510187
3,"effect",0.000466417910447761
4,"effect",0.000443655723158829
5,"effect",0.00494604316546763
1,"frequent",0.000443655723158829
2,"frequent",0.000407497962510187
3,"frequent",0.000466417910447761
4,"frequent",0.00488021295474711
5,"frequent",0.000449640287769784
1,"input",0.000443655723158829
2,"input",0.00448247758761206
3,"input",0.000466417910447761
4,"input",0.000443655723158829
5,"input",0.000449640287769784
1,"minut",0.000443655723158829
2,"minut",0.000407497962510187
3,"minut",0.000466417910447761
4,"minut",0.000443655723158829
5,"minut",0.00494604316546763
1,"refactor",0.000443655723158829
2,"refactor",0.000407497962510187
3,"refactor",0.000466417910447761
4,"refactor",0.000443655723158829
5,"refactor",0.00494604316546763
1,"slightli",0.00488021295474711
2,"slightli",0.000407497962510187
3,"slightli",0.000466417910447761
4,"slightli",0.000443655723158829
5,"slightli",0.000449640287769784
1,"awar",0.00488021295474711
2,"awar",0.000407497962510187
3,"awar",0.000466417910447761
4,"awar",0.000443655723158829
5,"awar",0.000449640287769784
1,"close",0.000443655723158829
2,"close",0.000407497962510187
3,"close",0.00513059701492537
4,"close",0.000443655723158829
5,"close",0.000449640287769784
1,"complet",0.000443655723158829
2,"complet",0.000407497962510187
3,"complet",0.00513059701492537
4,"complet",0.000443655723158829
5,"complet",0.000449640287769784
1,"learn",0.00488021295474711
2,"learn",0.00448247758761206
3,"learn",0.000466417910447761
4,"learn",0.000443655723158829
5,"learn",0.000449640287769784
1,"main",0.000443655723158829
2,"main",0.000407497962510187
3,"main",0.000466417910447761
4,"main",0.00488021295474711
5,"main",0.000449640287769784
1,"proprietari",0.00488021295474711
2,"proprietari",0.000407497962510187
3,"proprietari",0.000466417910447761
4,"proprietari",0.000443655723158829
5,"proprietari",0.000449640287769784
1,"reason",0.000443655723158829
2,"reason",0.000407497962510187
3,"reason",0.000466417910447761
4,"reason",0.000443655723158829
5,"reason",0.00494604316546763
1,"risk",0.000443655723158829
2,"risk",0.000407497962510187
3,"risk",0.00513059701492537
4,"risk",0.000443655723158829
5,"risk",0.000449640287769784
1,"suck",0.00488021295474711
2,"suck",0.000407497962510187
3,"suck",0.000466417910447761
4,"suck",0.000443655723158829
5,"suck",0.000449640287769784
1,"wild",0.000443655723158829
2,"wild",0.000407497962510187
3,"wild",0.00513059701492537
4,"wild",0.000443655723158829
5,"wild",0.000449640287769784
1,"client",0.00488021295474711
2,"client",0.000407497962510187
3,"client",0.000466417910447761
4,"client",0.000443655723158829
5,"client",0.000449640287769784
1,"confid",0.000443655723158829
2,"confid",0.000407497962510187
3,"confid",0.000466417910447761
4,"confid",0.000443655723158829
5,"confid",0.00494604316546763
1,"emai",0.000443655723158829
2,"emai",0.000407497962510187
3,"emai",0.00513059701492537
4,"emai",0.000443655723158829
5,"emai",0.000449640287769784
1,"mother",0.000443655723158829
2,"mother",0.000407497962510187
3,"mother",0.000466417910447761
4,"mother",0.000443655723158829
5,"mother",0.00494604316546763
1,"seizur",0.00488021295474711
2,"seizur",0.000407497962510187
3,"seizur",0.000466417910447761
4,"seizur",0.000443655723158829
5,"seizur",0.000449640287769784
1,"send",0.000443655723158829
2,"send",0.000407497962510187
3,"send",0.00513059701492537
4,"send",0.000443655723158829
5,"send",0.000449640287769784
1,"tongu",0.000443655723158829
2,"tongu",0.000407497962510187
3,"tongu",0.000466417910447761
4,"tongu",0.000443655723158829
5,"tongu",0.00494604316546763
1,"_zhang",0.00488021295474711
2,"_zhang",0.000407497962510187
3,"_zhang",0.000466417910447761
4,"_zhang",0.000443655723158829
5,"_zhang",0.000449640287769784
1,"bother",0.000443655723158829
2,"bother",0.000407497962510187
3,"bother",0.000466417910447761
4,"bother",0.00488021295474711
5,"bother",0.000449640287769784
1,"complement",0.00488021295474711
2,"complement",0.000407497962510187
3,"complement",0.000466417910447761
4,"complement",0.000443655723158829
5,"complement",0.000449640287769784
1,"correct",0.000443655723158829
2,"correct",0.00855745721271393
3,"correct",0.000466417910447761
4,"correct",0.000443655723158829
5,"correct",0.000449640287769784
1,"didn’t",0.000443655723158829
2,"didn’t",0.00448247758761206
3,"didn’t",0.000466417910447761
4,"didn’t",0.000443655723158829
5,"didn’t",0.000449640287769784
1,"effort",0.000443655723158829
2,"effort",0.000407497962510187
3,"effort",0.000466417910447761
4,"effort",0.000443655723158829
5,"effort",0.00494604316546763
1,"ethan",0.000443655723158829
2,"ethan",0.00448247758761206
3,"ethan",0.000466417910447761
4,"ethan",0.000443655723158829
5,"ethan",0.000449640287769784
1,"exact",0.000443655723158829
2,"exact",0.000407497962510187
3,"exact",0.00513059701492537
4,"exact",0.000443655723158829
5,"exact",0.000449640287769784
1,"found",0.000443655723158829
2,"found",0.000407497962510187
3,"found",0.00513059701492537
4,"found",0.000443655723158829
5,"found",0.000449640287769784
1,"instinct",0.00488021295474711
2,"instinct",0.000407497962510187
3,"instinct",0.000466417910447761
4,"instinct",0.000443655723158829
5,"instinct",0.000449640287769784
1,"kindl",0.00488021295474711
2,"kindl",0.000407497962510187
3,"kindl",0.000466417910447761
4,"kindl",0.000443655723158829
5,"kindl",0.000449640287769784
1,"live",0.000443655723158829
2,"live",0.000407497962510187
3,"live",0.00979477611940299
4,"live",0.000443655723158829
5,"live",0.000449640287769784
1,"major",0.00488021295474711
2,"major",0.000407497962510187
3,"major",0.000466417910447761
4,"major",0.000443655723158829
5,"major",0.000449640287769784
1,"mention",0.000443655723158829
2,"mention",0.00448247758761206
3,"mention",0.000466417910447761
4,"mention",0.000443655723158829
5,"mention",0.000449640287769784
1,"mit",0.000443655723158829
2,"mit",0.000407497962510187
3,"mit",0.000466417910447761
4,"mit",0.000443655723158829
5,"mit",0.00494604316546763
1,"mollick",0.000443655723158829
2,"mollick",0.000407497962510187
3,"mollick",0.000466417910447761
4,"mollick",0.00488021295474711
5,"mollick",0.000449640287769784
1,"noi",0.000443655723158829
2,"noi",0.000407497962510187
3,"noi",0.000466417910447761
4,"noi",0.000443655723158829
5,"noi",0.00494604316546763
1,"noy_zhang_1",0.00488021295474711
2,"noy_zhang_1",0.000407497962510187
3,"noy_zhang_1",0.000466417910447761
4,"noy_zhang_1",0.000443655723158829
5,"noy_zhang_1",0.000449640287769784
1,"particip",0.000443655723158829
2,"particip",0.000407497962510187
3,"particip",0.000466417910447761
4,"particip",0.000443655723158829
5,"particip",0.00494604316546763
1,"penguin",0.000443655723158829
2,"penguin",0.000407497962510187
3,"penguin",0.000466417910447761
4,"penguin",0.000443655723158829
5,"penguin",0.00494604316546763
1,"publish",0.000443655723158829
2,"publish",0.000407497962510187
3,"publish",0.000466417910447761
4,"publish",0.00488021295474711
5,"publish",0.000449640287769784
1,"repeatedli",0.000443655723158829
2,"repeatedli",0.000407497962510187
3,"repeatedli",0.000466417910447761
4,"repeatedli",0.000443655723158829
5,"repeatedli",0.00494604316546763
1,"serv",0.000443655723158829
2,"serv",0.00855745721271393
3,"serv",0.000466417910447761
4,"serv",0.000443655723158829
5,"serv",0.000449640287769784
1,"substitut",0.000443655723158829
2,"substitut",0.000407497962510187
3,"substitut",0.000466417910447761
4,"substitut",0.00488021295474711
5,"substitut",0.000449640287769784
1,"vast",0.000443655723158829
2,"vast",0.000407497962510187
3,"vast",0.000466417910447761
4,"vast",0.0093167701863354
5,"vast",0.000449640287769784
1,"amaz",0.000443655723158829
2,"amaz",0.000407497962510187
3,"amaz",0.00513059701492537
4,"amaz",0.000443655723158829
5,"amaz",0.000449640287769784
1,"book",0.000443655723158829
2,"book",0.000407497962510187
3,"book",0.000466417910447761
4,"book",0.000443655723158829
5,"book",0.00494604316546763
1,"easier",0.000443655723158829
2,"easier",0.000407497962510187
3,"easier",0.000466417910447761
4,"easier",0.00488021295474711
5,"easier",0.000449640287769784
1,"internet",0.000443655723158829
2,"internet",0.000407497962510187
3,"internet",0.00979477611940299
4,"internet",0.000443655723158829
5,"internet",0.000449640287769784
1,"media",0.000443655723158829
2,"media",0.00448247758761206
3,"media",0.000466417910447761
4,"media",0.000443655723158829
5,"media",0.000449640287769784
1,"phone",0.000443655723158829
2,"phone",0.000407497962510187
3,"phone",0.000466417910447761
4,"phone",0.0093167701863354
5,"phone",0.000449640287769784
1,"social",0.000443655723158829
2,"social",0.000407497962510187
3,"social",0.000466417910447761
4,"social",0.000443655723158829
5,"social",0.0139388489208633
1,"socrat",0.000443655723158829
2,"socrat",0.000407497962510187
3,"socrat",0.00979477611940299
4,"socrat",0.000443655723158829
5,"socrat",0.000449640287769784
1,"technologi",0.000443655723158829
2,"technologi",0.000407497962510187
3,"technologi",0.000466417910447761
4,"technologi",0.00488021295474711
5,"technologi",0.000449640287769784
1,"text",0.000443655723158829
2,"text",0.000407497962510187
3,"text",0.00513059701492537
4,"text",0.000443655723158829
5,"text",0.000449640287769784
1,"wiki",0.000443655723158829
2,"wiki",0.00448247758761206
3,"wiki",0.000466417910447761
4,"wiki",0.000443655723158829
5,"wiki",0.000449640287769784
1,"worri",0.000443655723158829
2,"worri",0.000407497962510187
3,"worri",0.000466417910447761
4,"worri",0.00488021295474711
5,"worri",0.000449640287769784
1,"beer",0.000443655723158829
2,"beer",0.000407497962510187
3,"beer",0.000466417910447761
4,"beer",0.000443655723158829
5,"beer",0.00494604316546763
1,"chao",0.000443655723158829
2,"chao",0.00448247758761206
3,"chao",0.000466417910447761
4,"chao",0.000443655723158829
5,"chao",0.000449640287769784
1,"childhood",0.00488021295474711
2,"childhood",0.000407497962510187
3,"childhood",0.000466417910447761
4,"childhood",0.000443655723158829
5,"childhood",0.000449640287769784
1,"dude",0.000443655723158829
2,"dude",0.000407497962510187
3,"dude",0.000466417910447761
4,"dude",0.000443655723158829
5,"dude",0.00494604316546763
1,"eventu",0.000443655723158829
2,"eventu",0.000407497962510187
3,"eventu",0.000466417910447761
4,"eventu",0.00488021295474711
5,"eventu",0.000449640287769784
1,"facebook",0.000443655723158829
2,"facebook",0.000407497962510187
3,"facebook",0.000466417910447761
4,"facebook",0.00488021295474711
5,"facebook",0.000449640287769784
1,"frontier",0.00488021295474711
2,"frontier",0.000407497962510187
3,"frontier",0.000466417910447761
4,"frontier",0.000443655723158829
5,"frontier",0.000449640287769784
1,"knock",0.000443655723158829
2,"knock",0.000407497962510187
3,"knock",0.000466417910447761
4,"knock",0.000443655723158829
5,"knock",0.00494604316546763
1,"polit",0.000443655723158829
2,"polit",0.000407497962510187
3,"polit",0.00513059701492537
4,"polit",0.00488021295474711
5,"polit",0.000449640287769784
1,"random",0.000443655723158829
2,"random",0.00855745721271393
3,"random",0.000466417910447761
4,"random",0.000443655723158829
5,"random",0.000449640287769784
1,"secret",0.000443655723158829
2,"secret",0.00448247758761206
3,"secret",0.000466417910447761
4,"secret",0.000443655723158829
5,"secret",0.000449640287769784
1,"treat",0.000443655723158829
2,"treat",0.000407497962510187
3,"treat",0.000466417910447761
4,"treat",0.00488021295474711
5,"treat",0.000449640287769784
1,"trust",0.000443655723158829
2,"trust",0.000407497962510187
3,"trust",0.000466417910447761
4,"trust",0.000443655723158829
5,"trust",0.00494604316546763
1,"unquest",0.00488021295474711
2,"unquest",0.000407497962510187
3,"unquest",0.000466417910447761
4,"unquest",0.000443655723158829
5,"unquest",0.000449640287769784
1,"watch",0.000443655723158829
2,"watch",0.000407497962510187
3,"watch",0.000466417910447761
4,"watch",0.00488021295474711
5,"watch",0.000449640287769784
1,"wrangl",0.000443655723158829
2,"wrangl",0.000407497962510187
3,"wrangl",0.000466417910447761
4,"wrangl",0.00488021295474711
5,"wrangl",0.000449640287769784
1,"accomplish",0.000443655723158829
2,"accomplish",0.000407497962510187
3,"accomplish",0.000466417910447761
4,"accomplish",0.00488021295474711
5,"accomplish",0.000449640287769784
1,"dumb",0.000443655723158829
2,"dumb",0.000407497962510187
3,"dumb",0.000466417910447761
4,"dumb",0.000443655723158829
5,"dumb",0.00494604316546763
1,"expect",0.000443655723158829
2,"expect",0.000407497962510187
3,"expect",0.000466417910447761
4,"expect",0.0093167701863354
5,"expect",0.000449640287769784
1,"headach",0.000443655723158829
2,"headach",0.00448247758761206
3,"headach",0.000466417910447761
4,"headach",0.000443655723158829
5,"headach",0.000449640287769784
1,"implor",0.00488021295474711
2,"implor",0.000407497962510187
3,"implor",0.000466417910447761
4,"implor",0.000443655723158829
5,"implor",0.000449640287769784
1,"reduc",0.000443655723158829
2,"reduc",0.000407497962510187
3,"reduc",0.00513059701492537
4,"reduc",0.000443655723158829
5,"reduc",0.000449640287769784
1,"lol",0.000443655723158829
2,"lol",0.00448247758761206
3,"lol",0.000466417910447761
4,"lol",0.000443655723158829
5,"lol",0.000449640287769784
1,"field",0.000443655723158829
2,"field",0.000407497962510187
3,"field",0.000466417910447761
4,"field",0.00488021295474711
5,"field",0.000449640287769784
1,"load",0.000443655723158829
2,"load",0.000407497962510187
3,"load",0.00513059701492537
4,"load",0.000443655723158829
5,"load",0.000449640287769784
1,"manor",0.000443655723158829
2,"manor",0.000407497962510187
3,"manor",0.000466417910447761
4,"manor",0.000443655723158829
5,"manor",0.00494604316546763
1,"organis",0.00488021295474711
2,"organis",0.000407497962510187
3,"organis",0.000466417910447761
4,"organis",0.000443655723158829
5,"organis",0.000449640287769784
1,"structur",0.000443655723158829
2,"structur",0.000407497962510187
3,"structur",0.000466417910447761
4,"structur",0.00488021295474711
5,"structur",0.000449640287769784
1,"superb",0.000443655723158829
2,"superb",0.00448247758761206
3,"superb",0.000466417910447761
4,"superb",0.000443655723158829
5,"superb",0.000449640287769784
1,"agi",0.000443655723158829
2,"agi",0.000407497962510187
3,"agi",0.000466417910447761
4,"agi",0.000443655723158829
5,"agi",0.00494604316546763
1,"bet",0.00488021295474711
2,"bet",0.000407497962510187
3,"bet",0.000466417910447761
4,"bet",0.000443655723158829
5,"bet",0.000449640287769784
1,"googl",0.000443655723158829
2,"googl",0.00448247758761206
3,"googl",0.000466417910447761
4,"googl",0.000443655723158829
5,"googl",0.000449640287769784
1,"harvest",0.00488021295474711
2,"harvest",0.000407497962510187
3,"harvest",0.000466417910447761
4,"harvest",0.000443655723158829
5,"harvest",0.000449640287769784
1,"laugh",0.000443655723158829
2,"laugh",0.000407497962510187
3,"laugh",0.000466417910447761
4,"laugh",0.00488021295474711
5,"laugh",0.000449640287769784
1,"llm",0.000443655723158829
2,"llm",0.000407497962510187
3,"llm",0.000466417910447761
4,"llm",0.00488021295474711
5,"llm",0.000449640287769784
1,"mistak",0.000443655723158829
2,"mistak",0.000407497962510187
3,"mistak",0.000466417910447761
4,"mistak",0.000443655723158829
5,"mistak",0.00494604316546763
1,"user",0.000443655723158829
2,"user",0.000407497962510187
3,"user",0.000466417910447761
4,"user",0.000443655723158829
5,"user",0.00494604316546763
1,"adept",0.00488021295474711
2,"adept",0.000407497962510187
3,"adept",0.000466417910447761
4,"adept",0.000443655723158829
5,"adept",0.000449640287769784
1,"trend",0.000443655723158829
2,"trend",0.00448247758761206
3,"trend",0.000466417910447761
4,"trend",0.000443655723158829
5,"trend",0.000449640287769784
1,"interact",0.000443655723158829
2,"interact",0.000407497962510187
3,"interact",0.000466417910447761
4,"interact",0.000443655723158829
5,"interact",0.00494604316546763
1,"wheel",0.000443655723158829
2,"wheel",0.00448247758761206
3,"wheel",0.000466417910447761
4,"wheel",0.000443655723158829
5,"wheel",0.000449640287769784
1,"actual",0.000443655723158829
2,"actual",0.00448247758761206
3,"actual",0.000466417910447761
4,"actual",0.000443655723158829
5,"actual",0.000449640287769784
1,"add",0.000443655723158829
2,"add",0.00448247758761206
3,"add",0.000466417910447761
4,"add",0.000443655723158829
5,"add",0.000449640287769784
1,"assist",0.000443655723158829
2,"assist",0.000407497962510187
3,"assist",0.00979477611940299
4,"assist",0.000443655723158829
5,"assist",0.000449640287769784
1,"copilot",0.000443655723158829
2,"copilot",0.00855745721271393
3,"copilot",0.000466417910447761
4,"copilot",0.000443655723158829
5,"copilot",0.000449640287769784
1,"drop",0.000443655723158829
2,"drop",0.000407497962510187
3,"drop",0.000466417910447761
4,"drop",0.000443655723158829
5,"drop",0.00494604316546763
1,"gain",0.000443655723158829
2,"gain",0.00448247758761206
3,"gain",0.000466417910447761
4,"gain",0.000443655723158829
5,"gain",0.000449640287769784
1,"hubstaff",0.00488021295474711
2,"hubstaff",0.000407497962510187
3,"hubstaff",0.000466417910447761
4,"hubstaff",0.000443655723158829
5,"hubstaff",0.000449640287769784
1,"hubstaff.com",0.00488021295474711
2,"hubstaff.com",0.000407497962510187
3,"hubstaff.com",0.000466417910447761
4,"hubstaff.com",0.000443655723158829
5,"hubstaff.com",0.000449640287769784
1,"organ",0.000443655723158829
2,"organ",0.000407497962510187
3,"organ",0.00979477611940299
4,"organ",0.000443655723158829
5,"organ",0.000449640287769784
1,"reddit",0.000443655723158829
2,"reddit",0.000407497962510187
3,"reddit",0.000466417910447761
4,"reddit",0.00488021295474711
5,"reddit",0.000449640287769784
1,"shift",0.000443655723158829
2,"shift",0.00855745721271393
3,"shift",0.000466417910447761
4,"shift",0.000443655723158829
5,"shift",0.000449640287769784
1,"team",0.000443655723158829
2,"team",0.000407497962510187
3,"team",0.000466417910447761
4,"team",0.00488021295474711
5,"team",0.000449640287769784
1,"test",0.000443655723158829
2,"test",0.00448247758761206
3,"test",0.000466417910447761
4,"test",0.000443655723158829
5,"test",0.000449640287769784
1,"thread",0.000443655723158829
2,"thread",0.000407497962510187
3,"thread",0.000466417910447761
4,"thread",0.00488021295474711
5,"thread",0.000449640287769784
1,"track",0.000443655723158829
2,"track",0.00855745721271393
3,"track",0.000466417910447761
4,"track",0.000443655723158829
5,"track",0.000449640287769784
1,"troubleshoot",0.000443655723158829
2,"troubleshoot",0.000407497962510187
3,"troubleshoot",0.000466417910447761
4,"troubleshoot",0.000443655723158829
5,"troubleshoot",0.00944244604316547
1,"utm_campaign",0.000443655723158829
2,"utm_campaign",0.000407497962510187
3,"utm_campaign",0.00513059701492537
4,"utm_campaign",0.000443655723158829
5,"utm_campaign",0.000449640287769784
1,"utm_medium",0.000443655723158829
2,"utm_medium",0.000407497962510187
3,"utm_medium",0.000466417910447761
4,"utm_medium",0.00488021295474711
5,"utm_medium",0.000449640287769784
1,"utm_sourc",0.000443655723158829
2,"utm_sourc",0.00448247758761206
3,"utm_sourc",0.000466417910447761
4,"utm_sourc",0.000443655723158829
5,"utm_sourc",0.000449640287769784
1,"week",0.000443655723158829
2,"week",0.000407497962510187
3,"week",0.000466417910447761
4,"week",0.0093167701863354
5,"week",0.000449640287769784
1,"yep",0.00488021295474711
2,"yep",0.000407497962510187
3,"yep",0.000466417910447761
4,"yep",0.000443655723158829
5,"yep",0.000449640287769784
1,"realiz",0.000443655723158829
2,"realiz",0.000407497962510187
3,"realiz",0.000466417910447761
4,"realiz",0.000443655723158829
5,"realiz",0.00494604316546763
1,"smarter",0.000443655723158829
2,"smarter",0.000407497962510187
3,"smarter",0.000466417910447761
4,"smarter",0.00488021295474711
5,"smarter",0.000449640287769784
1,"amount",0.00488021295474711
2,"amount",0.000407497962510187
3,"amount",0.000466417910447761
4,"amount",0.000443655723158829
5,"amount",0.000449640287769784
1,"approach",0.000443655723158829
2,"approach",0.000407497962510187
3,"approach",0.00513059701492537
4,"approach",0.000443655723158829
5,"approach",0.000449640287769784
1,"bullet",0.000443655723158829
2,"bullet",0.000407497962510187
3,"bullet",0.00513059701492537
4,"bullet",0.000443655723158829
5,"bullet",0.000449640287769784
1,"call",0.00488021295474711
2,"call",0.000407497962510187
3,"call",0.000466417910447761
4,"call",0.000443655723158829
5,"call",0.000449640287769784
1,"deepseek",0.000443655723158829
2,"deepseek",0.000407497962510187
3,"deepseek",0.000466417910447761
4,"deepseek",0.000443655723158829
5,"deepseek",0.00494604316546763
1,"gener",0.00488021295474711
2,"gener",0.000407497962510187
3,"gener",0.000466417910447761
4,"gener",0.000443655723158829
5,"gener",0.000449640287769784
1,"help",0.000443655723158829
2,"help",0.000407497962510187
3,"help",0.00513059701492537
4,"help",0.000443655723158829
5,"help",0.000449640287769784
1,"level",0.000443655723158829
2,"level",0.000407497962510187
3,"level",0.000466417910447761
4,"level",0.000443655723158829
5,"level",0.00494604316546763
1,"project",0.000443655723158829
2,"project",0.00448247758761206
3,"project",0.000466417910447761
4,"project",0.000443655723158829
5,"project",0.000449640287769784
1,"rang",0.000443655723158829
2,"rang",0.000407497962510187
3,"rang",0.000466417910447761
4,"rang",0.000443655723158829
5,"rang",0.00494604316546763
1,"sane",0.000443655723158829
2,"sane",0.00448247758761206
3,"sane",0.000466417910447761
4,"sane",0.000443655723158829
5,"sane",0.000449640287769784
1,"section",0.000443655723158829
2,"section",0.00448247758761206
3,"section",0.000466417910447761
4,"section",0.000443655723158829
5,"section",0.000449640287769784
1,"statu",0.000443655723158829
2,"statu",0.000407497962510187
3,"statu",0.000466417910447761
4,"statu",0.000443655723158829
5,"statu",0.00494604316546763
1,"store",0.000443655723158829
2,"store",0.00448247758761206
3,"store",0.000466417910447761
4,"store",0.000443655723158829
5,"store",0.000449640287769784
1,"super",0.000443655723158829
2,"super",0.000407497962510187
3,"super",0.000466417910447761
4,"super",0.000443655723158829
5,"super",0.00494604316546763
1,"titl",0.000443655723158829
2,"titl",0.000407497962510187
3,"titl",0.000466417910447761
4,"titl",0.000443655723158829
5,"titl",0.00494604316546763
1,"weed",0.000443655723158829
2,"weed",0.000407497962510187
3,"weed",0.00513059701492537
4,"weed",0.000443655723158829
5,"weed",0.000449640287769784
1,"activ",0.000443655723158829
2,"activ",0.00448247758761206
3,"activ",0.000466417910447761
4,"activ",0.000443655723158829
5,"activ",0.000449640287769784
1,"changer",0.000443655723158829
2,"changer",0.000407497962510187
3,"changer",0.000466417910447761
4,"changer",0.000443655723158829
5,"changer",0.00494604316546763
1,"game",0.000443655723158829
2,"game",0.000407497962510187
3,"game",0.000466417910447761
4,"game",0.000443655723158829
5,"game",0.00494604316546763
1,"jot",0.000443655723158829
2,"jot",0.000407497962510187
3,"jot",0.000466417910447761
4,"jot",0.00488021295474711
5,"jot",0.000449640287769784
1,"listen",0.000443655723158829
2,"listen",0.000407497962510187
3,"listen",0.000466417910447761
4,"listen",0.000443655723158829
5,"listen",0.00494604316546763
1,"ofc",0.000443655723158829
2,"ofc",0.000407497962510187
3,"ofc",0.00513059701492537
4,"ofc",0.000443655723158829
5,"ofc",0.000449640287769784
1,"record",0.00488021295474711
2,"record",0.000407497962510187
3,"record",0.000466417910447761
4,"record",0.000443655723158829
5,"record",0.000449640287769784
1,"summar",0.000443655723158829
2,"summar",0.000407497962510187
3,"summar",0.000466417910447761
4,"summar",0.00488021295474711
5,"summar",0.000449640287769784
1,"transcrib",0.000443655723158829
2,"transcrib",0.00448247758761206
3,"transcrib",0.000466417910447761
4,"transcrib",0.000443655723158829
5,"transcrib",0.000449640287769784
1,"voic",0.000443655723158829
2,"voic",0.000407497962510187
3,"voic",0.000466417910447761
4,"voic",0.00488021295474711
5,"voic",0.000449640287769784
1,"zoom",0.00488021295474711
2,"zoom",0.000407497962510187
3,"zoom",0.000466417910447761
4,"zoom",0.000443655723158829
5,"zoom",0.000449640287769784
1,"air",0.000443655723158829
2,"air",0.000407497962510187
3,"air",0.00513059701492537
4,"air",0.000443655723158829
5,"air",0.000449640287769784
1,"aptitud",0.00488021295474711
2,"aptitud",0.000407497962510187
3,"aptitud",0.000466417910447761
4,"aptitud",0.000443655723158829
5,"aptitud",0.000449640287769784
1,"aviat",0.000443655723158829
2,"aviat",0.00448247758761206
3,"aviat",0.000466417910447761
4,"aviat",0.000443655723158829
5,"aviat",0.000449640287769784
1,"contribut",0.000443655723158829
2,"contribut",0.000407497962510187
3,"contribut",0.000466417910447761
4,"contribut",0.000443655723158829
5,"contribut",0.00494604316546763
1,"degrad",0.000443655723158829
2,"degrad",0.000407497962510187
3,"degrad",0.00513059701492537
4,"degrad",0.000443655723158829
5,"degrad",0.000449640287769784
1,"disast",0.00488021295474711
2,"disast",0.000407497962510187
3,"disast",0.000466417910447761
4,"disast",0.000443655723158829
5,"disast",0.000449640287769784
1,"emploi",0.000443655723158829
2,"emploi",0.000407497962510187
3,"emploi",0.00513059701492537
4,"emploi",0.000443655723158829
5,"emploi",0.000449640287769784
1,"factor",0.00488021295474711
2,"factor",0.000407497962510187
3,"factor",0.000466417910447761
4,"factor",0.000443655723158829
5,"factor",0.000449640287769784
1,"flight",0.000443655723158829
2,"flight",0.00448247758761206
3,"flight",0.000466417910447761
4,"flight",0.000443655723158829
5,"flight",0.000449640287769784
1,"franc",0.000443655723158829
2,"franc",0.00448247758761206
3,"franc",0.000466417910447761
4,"franc",0.000443655723158829
5,"franc",0.000449640287769784
1,"monitor",0.00488021295474711
2,"monitor",0.000407497962510187
3,"monitor",0.000466417910447761
4,"monitor",0.000443655723158829
5,"monitor",0.000449640287769784
1,"morph",0.000443655723158829
2,"morph",0.000407497962510187
3,"morph",0.00513059701492537
4,"morph",0.000443655723158829
5,"morph",0.000449640287769784
1,"phenomenon",0.00488021295474711
2,"phenomenon",0.000407497962510187
3,"phenomenon",0.000466417910447761
4,"phenomenon",0.000443655723158829
5,"phenomenon",0.000449640287769784
1,"pilot",0.00488021295474711
2,"pilot",0.000407497962510187
3,"pilot",0.000466417910447761
4,"pilot",0.000443655723158829
5,"pilot",0.000449640287769784
1,"slowli",0.000443655723158829
2,"slowli",0.000407497962510187
3,"slowli",0.000466417910447761
4,"slowli",0.000443655723158829
5,"slowli",0.00494604316546763
1,"worsen",0.00488021295474711
2,"worsen",0.000407497962510187
3,"worsen",0.000466417910447761
4,"worsen",0.000443655723158829
5,"worsen",0.000449640287769784
1,"alright",0.000443655723158829
2,"alright",0.000407497962510187
3,"alright",0.000466417910447761
4,"alright",0.000443655723158829
5,"alright",0.00494604316546763
1,"averag",0.000443655723158829
2,"averag",0.000407497962510187
3,"averag",0.000466417910447761
4,"averag",0.00488021295474711
5,"averag",0.000449640287769784
1,"fly",0.000443655723158829
2,"fly",0.000407497962510187
3,"fly",0.00513059701492537
4,"fly",0.000443655723158829
5,"fly",0.000449640287769784
1,"plane",0.000443655723158829
2,"plane",0.000407497962510187
3,"plane",0.000466417910447761
4,"plane",0.000443655723158829
5,"plane",0.00494604316546763
